"";"sigla";"nome_curto";"nome_longo";"definicao"
"1";"uf";"Código da Unidade da Federação";"Código da Unidade da Federação";"Código utilizado pelo IBGE para identificação do estado."
"2";"ufn";"Nome da Unidade da Federação";"Nome da Unidade da Federação";"Nome da Unidade da Federação."
"3";"codmun6";"Código do Município";"Código do Município";"Código utilizado pelo IBGE para identificação do município."
"4";"codmun7";"Código do Município";"Código do Município";"Código utilizado pelo IBGE para identificação do município(com digito verificador)."
"5";"nomemun";"Nome do Município";"Nome do município";"Nome do município."
"6";"espvida";"Esperança de vida ao nascer ";"Esperança de vida ao nascer";"Número médio de anos que as pessoas deverão viver a partir do nascimento, se permanecerem constantes ao longo da vida o nível e o padrão de mortalidade por idade prevalecentes no ano do Censo."
"7";"fectot";"Taxa de fecundidade total";"Taxa de fecundidade total";"Número médio de filhos que uma mulher deverá ter ao terminar o período reprodutivo (15 a 49 anos de idade)."
"8";"mort1";"Mortalidade infantil";"Mortalidade até um ano de idade";"Número de crianças que não deverão sobreviver ao primeiro ano de vida em cada 1000 crianças nascidas vivas."
"9";"mort5";"Mortalidade até 5 anos de idade";"Mortalidade até cinco anos de idade";"Probabilidade de morrer entre o nascimento e a idade exata de 5 anos, por 1000 crianças nascidas vivas."
"10";"razdep";"Razão de dependência";"Percentual da população de menos de 15 anos e da população de 65 anos e mais em relação à população de 15 a 64 anos";"Razão de dependência é medida pela razão entre o número de pessoas com 14 anos ou menos e de 65 anos ou mais de idade (população dependente) e o número de pessoas com idade de 15 a 64 anos (população potencialmente ativa) multiplicado por 100."
"11";"sobre40";"Probabilidade de sobrevivência até 40 anos";"Probabilidade de sobrevivência até 40 anos";"Probabilidade de uma criança recém-nascida viver até os 40 anos, se permanecerem constantes ao longo da vida o nível e o padrão de mortalidade por idade prevalecentes no ano do Censo."
"12";"sobre60";"Probabilidade de sobrevivência até 60 anos";"Probabilidade de sobrevivência até 60 anos";"Probabilidade de uma criança recém-nascida viver até os 60 anos, se permanecerem constantes ao longo da vida o nível e o padrão de mortalidade por idade prevalecentes no ano do Censo."
"13";"t_env";"Taxa de envelhecimento";"Taxa de envelhecimento";"Razão entre a população de 65 anos ou mais de idade e a população total multiplicado por 100."
"14";"e_anosestudo";"Expectativa de anos de estudo";"Expectativa de anos de estudo aos 18 anos de idade";"Número médio de anos de estudo que uma geração de crianças que ingressa na escola deverá completar ao atingir 18 anos de idade, se os padrões atuais se mantiverem ao longo de sua vida escolar."
"15";"t_analf11a14";"Taxa de analfabetismo - 11 a 14 anos";"Taxa de analfabetismo da população de 11 a 14 anos de idade";"Razão entre a população de 11 a 14 anos de idade que não sabe ler nem escrever um bilhete simples e o total de pessoas nesta faixa etária multiplicado por 100."
"16";"t_analf15a17";"Taxa de analfabetismo - 15 a 17 anos ";"Taxa de analfabetismo da população de 15 a 17 anos de idade";"Razão entre a população de 15 a 17 anos de idade que não sabe ler nem escrever um bilhete simples e o total de pessoas nesta faixa etária multiplicado por 100."
"17";"t_analf15m";"Taxa de analfabetismo - 15 anos ou mais ";"Taxa de analfabetismo da população de 15 anos ou mais de idade";"Razão entre a população de 15 anos ou mais de idade que não sabe ler nem escrever um bilhete simples e o total de pessoas nesta faixa etária multiplicado por 100."
"18";"t_analf18a24";"Taxa de analfabetismo - 18 a 24 anos ";"Taxa de analfabetismo da população de 18 a 24 anos de idade";"Razão entre a população de 18 a 24 anos de idade que não sabe ler nem escrever um bilhete simples e o total de pessoas nesta faixa etária multiplicado por 100."
"19";"t_analf18m";"Taxa de analfabetismo - 18 anos ou mais ";"Taxa de analfabetismo da população de 18 anos ou mais de idade";"Razão entre a população de 18 anos ou mais de idade que não sabe ler nem escrever um bilhete simples e o total de pessoas nesta faixa etária multiplicado por 100."
"20";"t_analf25a29";"Taxa de analfabetismo - 25 a 29 anos ";"Taxa de analfabetismo da população de 25 a 29 anos de idade";"Razão entre a população de 25 a 29 anos de idade que não sabe ler nem escrever um bilhete simples e o total de pessoas nesta faixa etária multiplicado por 100."
"21";"t_analf25m";"Taxa de analfabetismo - 25 anos ou mais";"Taxa de analfabetismo da população de 25 anos ou mais de idade";"Razão entre a população de 25 anos ou mais de idade que não sabe ler nem escrever um bilhete simples e o total de pessoas nesta faixa etária multiplicado por 100."
"22";"t_atraso_0_basico";"% de 6 a 17 anos no básico sem atraso";"Percentual da população de 6 a 17 anos de idade frequentando o ensino básico que não tem atraso idade-série.";"Razão entre o número de pessoas de 6 a 17 anos frequentando o ensino básico regular seriado (fundamental + médio) sem atraso idade-série e o número total de pessoas nessa faixa etária frequentando esse nível de ensino multiplicado por 100. O atraso idade-série é calculado pela fórmula: [(idade - 5) - número da série frequentada], na qual o número da série frequentada é 10, 11 e 12 para as pessoas que frequentam a 1ª, a 2ª e a 3ª séries do ensino médio, respectivamente. Foram consideradas sem atraso não só as pessoas para as quais o resultado dessa fórmula foi igual a zero, mas também aquelas para as quais o resultado foi menor do que zero, ou seja, as pessoas com adiantamento idade-série. As pessoas de 6 a 14 anos frequentando a pré-escola foram consideradas como se estivessem no 1º ano do ensino fundamental. As pessoas de 15 a 17 anos frequentando a 4ª série do ensino médio foram consideradas como já tendo concluído esse nível de ensino."
"23";"t_atraso_0_fund";"% de 6 a 14 anos no fundamental sem atraso";"Percentual da população de 6 a 14 anos de idade frequentando o ensino fundamental que não tem atraso idade-série.";"Razão entre o número de pessoas de 6 a 14 anos frequentando o ensino fundamental regular seriado sem atraso idade-série e o número total de pessoas nessa faixa etária frequentando esse nível de ensino multiplicado por 100. O atraso idade-série é calculado pela fórmula: [(idade - 5) - número da série frequentada] e foram consideradas sem atraso não só as pessoas para as quais o resultado dessa fórmula foi igual a zero, mas também aquelas para as quais o resultado foi menor do que zero, ou seja, as pessoas com adiantamento idade-série. As pessoas de 6 a 14 anos frequentando a pré-escola foram consideradas como se estivessem no 1º ano do ensino fundamental."
"24";"t_atraso_0_med";"% de 15 a 17 anos no médio sem atraso";"Percentual da população de 15 a 17 anos de idade frequentando o ensino médio que não tem atraso idade-série.";"Razão entre o número de pessoas de 15 a 17 anos frequentando o ensino médio regular seriado sem atraso idade-série e o número total de pessoas nessa faixa etária frequentando esse nível de ensino multiplicado por 100. O atraso idade-série é calculado pela fórmula: [(idade - 14) - número da série frequentada] e foram consideradas sem atraso não só as pessoas para as quais o resultado dessa fórmula foi igual a zero, mas também aquelas para as quais o resultado foi menor do que zero, ou seja, as pessoas com adiantamento idade-série. As pessoas de 15 a 17 anos frequentando a 4ª série do ensino médio foram consideradas como já tendo concluído esse nível de ensino."
"25";"t_atraso_1_basico";"% de 6 a 17 no básico com 1 ano de atraso";"Percentual da população de 6 a 17 anos de idade frequentando o ensino básico que tem 1 ano de atraso idade-série.";"Razão entre o número de pessoas de 6 a 17 anos frequentando o ensino básico regular seriado (fundamental + médio) com atraso idade-série de 1 ano e o número total de pessoas nessa faixa etária frequentando esse nível de ensino multiplicado por 100. O atraso idade-série é calculado pela fórmula: [(idade - 5) - número da série frequentada], na qual o número da série frequentada é 10, 11 e 12 para as pessoas que frequentam a 1ª, a 2ª e a 3ª séries do ensino médio, respectivamente. As pessoas de 6 a 14 anos frequentando a pré-escola foram consideradas como se estivessem no 1º ano do ensino fundamental. As pessoas de 15 a 17 anos frequentando a 4ª série do ensino médio foram consideradas como já tendo concluído esse nível de ensino."
"26";"t_atraso_1_fund";"% de 6 a 14 anos no fundamental com 1 ano de atraso";"Percentual da população de 6 a 14 anos de idade frequentando o ensino fundamental que tem 1 ano de atraso idade-série.";"Razão entre o número de pessoas de 6 a 14 anos frequentando o ensino fundamental regular seriado com atraso idade-série de 1 ano e o número total de pessoas nessa faixa etária frequentando esse nível de ensino multiplicado por 100. O atraso idade-série é calculado pela fórmula: [(idade - 5) - número da série frequentada]. As pessoas de 6 a 14 anos frequentando a pré-escola foram consideradas como se estivessem no 1º ano do ensino fundamental."
"27";"t_atraso_1_med";"% de 15 a 17 no médio com 1 ano de atraso";"Percentual da população de 15 a 17 anos de idade frequentando o ensino médio que tem 1 ano de atraso idade-série.";"Razão entre o número de pessoas de 15 a 17 anos frequentando o ensino médio regular seriado com atraso idade-série de 1 ano e o número total de pessoas nessa faixa etária frequentando esse nível de ensino multiplicado por 100. O atraso idade-série é calculado pela fórmula: [(idade - 14) - número da série frequentada]. As pessoas de 15 a 17 anos frequentando a 4ª série do ensino médio foram consideradas como já tendo concluído esse nível de ensino."
"28";"t_atraso_2_basico";"% de 6 a 17 anos no básico com 2 anos ou mais de atraso";"Percentual da população de 6 a 17 anos de idade frequentando o ensino básico que tem 2 anos ou mais de atraso idade-série.";"Razão entre o número de pessoas de 6 a 17 anos frequentando o ensino básico regular seriado (fundamental + médio) com atraso idade-série de 2 anos ou mais e o número total de pessoas nessa faixa etária frequentando esse nível de ensino multiplicado por 100. O atraso idade-série é calculado pela fórmula: [(idade - 5) - número da série frequentada], na qual o número da série frequentada é 10, 11 e 12 para as pessoas que frequentam a 1ª, a 2ª e a 3ª séries do ensino médio, respectivamente. As pessoas de 6 a 14 anos frequentando a pré-escola foram consideradas como se estivessem no 1º ano do ensino fundamental. As pessoas de 15 a 17 anos frequentando a 4ª série do ensino médio foram consideradas como já tendo concluído esse nível de ensino."
"29";"t_atraso_2_fund";"% de 6 a 14 anos no fundamental com 2 anos ou mais de atraso";"Percentual da população de 6 a 14 anos de idade frequentando o ensino fundamental que tem 2 anos ou mais de atraso idade-série.";"Razão entre o número de pessoas de 6 a 14 anos frequentando o ensino fundamental regular seriado com atraso idade-série de 2 anos ou mais e o número total de pessoas nessa faixa etária frequentando esse nível de ensino multiplicado por 100. O atraso idade-série é calculado pela fórmula: [(idade - 5) - número da série frequentada]. As pessoas de 6 a 14 anos frequentando a pré-escola foram consideradas como se estivessem no 1º ano do ensino fundamental."
"30";"t_atraso_2_med";"% de 15 a 17 anos no médio com 2 anos de atraso";"Percentual da população de 15 a 17 anos de idade frequentando o ensino médio que tem 2 anos de atraso idade-série.";"Razão entre o número de pessoas de 15 a 17 anos frequentando o ensino médio regular seriado com atraso idade-série de 2 anos e o número total de pessoas nessa faixa etária frequentando esse nível de ensino multiplicado por 100. O atraso idade-série é calculado pela fórmula: [(idade - 14) - número da série frequentada]. As pessoas de 15 a 17 anos frequentando a 4ª série do ensino médio foram consideradas como já tendo concluído esse nível de ensino."
"31";"t_fbbas";"Taxa de frequência bruta ao básico";"Taxa de frequência bruta ao ensino básico";"Razão entre o número total de pessoas de qualquer idade frequentando o ensino básico (fundamental ou médio - regular ou seriado) e a população na faixa etária de 6 a 17 anos multiplicado por 100. As pessoas frequentando a 4ª série do ensino médio foram consideradas como tendo concluído esse nível de ensino. As pessoas de 6 anos ou mais frequentando a pré-escola foram consideradas como se estivessem no 1º ano do ensino fundamental."
"32";"t_fbfund";"Taxa de frequência bruta ao fundamental";"Taxa de frequência bruta ao ensino fundamental";"Razão entre o número total de pessoas de qualquer idade frequentando o ensino fundamental regular seriado e a população na faixa etária de 6 a 14 anos multiplicado por 100. As pessoas de 6 anos ou mais frequentando a pré-escola foram consideradas como se estivessem no 1º ano do ensino fundamental."
"33";"t_fbmed";"Taxa de frequência bruta ao médio";"Taxa de frequência bruta ao ensino médio";"Razão entre o número total de pessoas de qualquer idade frequentando o ensino médio regular seriado e a população na faixa etária de 15 a 17 anos multiplicado por 100. As pessoas frequentando a 4ª série do ensino médio foram consideradas como tendo concluído esse nível de ensino."
"34";"t_fbpre";"Taxa de frequência bruta à pré-escola";"Taxa de frequência bruta à pré-escola";"Razão entre o número total de crianças de até 5 anos de idade (somente 5 anos em 1991) frequentando a pré-escola e a população nessa mesma faixa etária multiplicado por 100. As pessoas de 6 anos ou mais frequentando a pré-escola foram consideradas como se estivessem no 1º ano do ensino fundamental."
"35";"t_fbsuper";"Taxa de frequência bruta ao superior";"Taxa de frequência bruta ao ensino superior";"Razão entre o número total de pessoas de qualquer idade frequentando o ensino superior (graduação, especialização, mestrado ou doutorado) e a população na faixa etária de 18 a 24 anos multiplicado por 100."
"36";"t_flbas";"Taxa de frequência líquida ao básico";"Taxa de frequência líquida ao ensino básico";"Razão entre o número de pessoas na faixa etária de 6 a 17 anos frequentando o ensino básico (fundamental ou médio - regular ou seriado) e a população total dessa mesma faixa etária multiplicado por 100. As pessoas de 6 a 17 anos frequentando a pré-escola foram consideradas como se estivessem no 1º ano do ensino fundamental. As pessoas de 6 a 17 anos frequentando a 4ª série do ensino médio foram consideradas como já tendo concluído esse nível de ensino."
"37";"t_flfund";"Taxa de frequência líquida ao fundamental";"Taxa de frequência líquida ao ensino fundamental";"Razão entre o número de pessoas na faixa etária de 6 a 14 anos frequentando o ensino fundamental regular seriado e a população total dessa mesma faixa etária multiplicado por 100. As pessoas de 6 a 14 anos frequentando a pré-escola foram consideradas como se estivessem no 1º ano do ensino fundamental."
"38";"t_flmed";"Taxa de frequência líquida ao médio";"Taxa de frequência líquida ao ensino médio";"Razão entre o número de pessoas na faixa etária de 15 a 17 anos frequentando o ensino médio regular seriado e a população total dessa mesma faixa etária multiplicado por 100. As pessoas de 15 a 17 anos frequentando a 4ª série do ensino médio foram consideradas como já tendo concluído esse nível de ensino."
"39";"t_flpre";"Taxa de frequência líquida à pré-escola";"Taxa de frequência líquida à pré-escola";"Razão entre o número de pessoas na faixa etária de 4 e 5 anos (somente 5 anos em 1991) frequentando a pré-escola e a população total dessa mesma faixa etária multiplicado por 100."
"40";"t_flsuper";"Taxa de frequência líquida ao superior";"Taxa de frequência líquida ao ensino superior";"Razão entre o número de pessoas na faixa etária de 18 a 24 anos frequentando o ensino superior (graduação, especialização, mestrado ou doutorado) e a população total dessa mesma faixa etária multiplicado por 100."
"41";"t_freq0a3";"% de 0 a 3 anos na escola";"Taxa de atendimento escolar da população de 0 a 3 anos de idade ";"Razão entre a população de 0 a 3 anos de idade que estava frequentando a escola, em qualquer nível ou série e a população total nesta faixa etária multiplicado por 100. Dado não disponível para 1991."
"42";"t_freq11a14";"% de 11 a 14 anos na escola";"Taxa de atendimento escolar da população de 11 a 14 anos de idade ";"Razão entre a população de 11 a 14 anos de idade que estava frequentando a escola, em qualquer nível ou série e a população total nesta faixa etária multiplicado por 100."
"43";"t_freq15a17";"% de 15 a 17 anos na escola";"Taxa de atendimento escolar da população de 15 a 17 anos de idade ";"Razão entre a população de 15 a 17 anos de idade que estava frequentando a escola, em qualquer nível ou série e a população total nesta faixa etária multiplicado por 100."
"44";"t_freq18a24";"% de 18 a 24 anos na escola";"Taxa de atendimento escolar da população de 18 a 24 anos de idade ";"Razão entre a população de 18 a 24 anos de idade que estava frequentando a escola, em qualquer nível ou série e a população total nesta faixa etária multiplicado por 100."
"45";"t_freq25a29";"% de 25 a 29 anos na escola";"Taxa de atendimento escolar da população de 25 a 29 anos de idade ";"Razão entre a população de 25 a 29 anos de idade que estava frequentando a escola, em qualquer nível ou série e a população total nesta faixa etária multiplicado por 100."
"46";"t_freq4a5";"% de 4 a 5 anos na escola";"Taxa de atendimento escolar da população de 4 a 5 anos de idade ";"Razão entre a população de 4 a 5 anos de idade que estava frequentando a escola, em qualquer nível ou série e a população total nesta faixa etária multiplicado por 100."
"47";"t_freq4a6 ";"% de 4 a 6 anos na escola";"Percentual da população de 4 a 6 anos de idade frequentando a escola";"Razão entre a população de 4 a 6 anos de idade que estava frequentando a escola, em qualquer nível ou série e a população total nesta faixa etária multiplicado por 100."
"48";"t_freq5a6 ";"% de 5 a 6 anos na escola";"Percentual da população de 5 a 6 anos de idade frequentando a escola";"Razão entre a população de 5 a 6 anos de idade que estava frequentando a escola, em qualquer nível ou série e a população total nesta faixa etária multiplicado por 100."
"49";"t_freq6";"% de 6 anos na escola";"Taxa de atendimento escolar da população de 6 anos de idade ";"Razão entre a população de 6 anos de idade que estava frequentando a escola, em qualquer nível ou série e a população total nesta faixa etária multiplicado por 100."
"50";"t_freq6a14";"% de 6 a 14 anos na escola";"Taxa de atendimento escolar da população de 6 a 14 anos de idade ";"Razão entre a população de 6 a 14 anos de idade que estava frequentando a escola, em qualquer nível ou série e a população total nesta faixa etária multiplicado por 100."
"51";"t_freq6a17";"% de 6 a 17 anos na escola";"Taxa de atendimento escolar da população de 6 a 17 anos de idade ";"Razão entre população de 6 a 17 anos de idade que estava frequentando a escola, em qualquer nível ou série e a população total nesta faixa etária multiplicado por 100."
"52";"t_freqfund1517";"% de 15 a 17 anos no fundamental";"Percentual da população de 15 a 17 anos de idade frequentando o ensino fundamental";"Razão entre a população de 15 a 17 anos de idade frequentando o ensino fundamental regular seriado e o total de pessoas nesta faixa etária multiplicado por 100."
"53";"t_freqfund1824";"% de 18 a 24 anos no fundamental";"Percentual da população de 18 a 24 anos de idade frequentando o ensino fundamental";"Razão entre a população de 18 a 24 anos frequentando o ensino fundamental regular seriado e o total de pessoas nesta faixa etária multiplicado por 100."
"54";"t_freqfund45";"% de 4 a 5 anos no fundamental";"Percentual da população de 4 a 5 anos de idade frequentando o ensino fundamental";"Razão entre a população de 4 a 5 anos de idade frequentando o ensino fundamental regular seriado e o total de pessoas nesta faixa etária multiplicado por 100."
"55";"t_freqmed1824";"% de 18 a 24 anos no médio";"Percentual da população de 18 a 24 anos de idade frequentando o ensino médio";"Razão entre a população de 18 a 24 anos frequentando o ensino médio regular seriado e o total de pessoas nesta faixa etária multiplicado por 100. As pessoas de 18 a 24 anos frequentando a 4a. série do ensino médio foram consideradas como já tendo concluído esse nível de ensino."
"56";"t_freqmed614";"% de 6 a 14 anos no médio";"Percentual da população de 6 a 14 anos de idade frequentando o ensino médio";"Razão entre a população de 6 a 14 anos de idade frequentando o ensino médio regular seriado e o total de pessoas nesta faixa etária multiplicado por 100."
"57";"t_freqsuper1517";"% de 15 a 17 anos no superior";"Percentual da população de 15 a 17 anos de idade frequentando o ensino superior";"Razão entre a população de 15 a 17 anos de idade frequentando o ensino superior (graduação, especialização, mestrado ou doutorado) e o total de pessoas nesta faixa etária multiplicado por 100."
"58";"t_fund11a13";"% de 11 a 13 anos nos anos finais do fundamental ou com fundamental completo";"Percentual da população de 11 a 13 anos de idade frequentando os anos finais do fundamental ou que já concluiu o fundamental";"Razão entre a população de 11 a 13 anos de idade que frequenta os quatro anos finais do fundamental (do 6º ao 9º ano desse nível de ensino) ou que já concluiu o fundamental e a população total nesta faixa etária multiplicado por 100."
"59";"t_fund12a14";"% de 12 a 14 anos nos anos finais do fundamental ou com fundamental completo";"Percentual da população de 12 a 14 anos de idade frequentando os anos finais do fundamental ou que já concluiu o fundamental";"Razão entre a população de 12 a 14 anos de idade que frequenta os quatro anos finais do fundamental (do 6º ao 9º ano desse nível de ensino) ou que já concluiu o fundamental e a população total nesta faixa etária multiplicado por 100."
"60";"t_fund15a17";"% de 15 a 17 anos com fundamental completo";"Percentual da população de 15 a 17 anos com fundamental completo";"Razão entre a população de 15 a 17 anos de idade que concluiu o ensino fundamental, em quaisquer de suas modalidades (regular seriado, não seriado, EJA ou supletivo) e o total de pessoas nesta faixa etária multiplicado por 100."
"61";"t_fund16a18";"% de 16 a 18 anos com fundamental completo";"Percentual da população de 16 a 18 anos de idade com o ensino fundamental completo";"Razão entre a população de 16 a 18 anos de idade que já concluiu o ensino fundamental em quaisquer de suas modalidades (regular seriado, não seriado, EJA ou supletivo) e o total de pessoas nesta faixa etária multiplicado por 100."
"62";"t_fund18a24";"% de 18 a 24 anos com fundamental completo";"Percentual da população de 18 a 24 anos com fundamental completo";"Razão entre a população de 18 a 24 anos de idade que concluiu o ensino fundamental, em quaisquer de suas modalidades (regular seriado, não seriado, EJA ou supletivo) e o total de pessoas nesta faixa etária multiplicado por 100."
"63";"t_fund18m";"% de 18 anos ou mais com fundamental completo";"Percentual da população de 18 anos ou mais com fundamental completo";"Razão entre a população de 18 anos ou mais de idade que concluiu o ensino fundamental, em quaisquer de suas modalidades (regular seriado, não seriado, EJA ou supletivo) e o total de pessoas nesta faixa etária multiplicado por 100."
"64";"t_fund25m";"% de 25 anos ou mais com fundamental completo";"Percentual da população de 25 anos ou mais com fundamental completo";"Razão entre a população de 25 anos ou mais de idade que concluiu o ensino fundamental, em quaisquer de suas modalidades (regular seriado, não seriado, EJA ou supletivo) e o total de pessoas nesta faixa etária multiplicado por 100."
"65";"t_med18a20";"% de 18 a 20 anos com médio completo";"Percentual da população de 18 a 20 anos de idade com o ensino médio completo";"Razão entre a população de 18 a 20 anos de idade que já concluiu o ensino médio em quaisquer de suas modalidades (regular seriado, não seriado, EJA ou supletivo) e o total de pessoas nesta faixa etária multiplicado por 100. As pessoas de 18 a 20 anos frequentando a 4ª série do ensino médio foram consideradas como já tendo concluído esse nível de ensino."
"66";"t_med18a24";"% de 18 a 24 anos com médio completo";"Percentual da população de 18 a 24 anos com ensino médio completo";"Razão entre a população de 18 a 24 anos de idade que concluiu o ensino médio, em quaisquer de suas modalidades (regular seriado, não seriado, EJA ou supletivo) e o total de pessoas nesta faixa etária multiplicado por 100. Foram consideradas como tendo concluído o ensino médio as pessoas frequentando a 4ª série desse nível."
"67";"t_med18m";"% de 18 anos ou mais com médio completo";"Percentual da população de 18 anos ou mais com ensino médio completo";"Razão entre a população de 18 anos ou mais de idade que concluiu o ensino médio, em quaisquer de suas modalidades (regular seriado, não seriado, EJA ou supletivo) e o total de pessoas nesta faixa etária multiplicado por 100. Foram consideradas como tendo concluído o ensino médio as pessoas frequentando a 4ª série desse nível."
"68";"t_med19a21";"% de 19 a 21 anos com médio completo";"Percentual da população de 19 a 21 anos de idade com o ensino médio completo";"Razão entre a população de 19 a 21 anos de idade que já concluiu o ensino médio em quaisquer de suas modalidades (regular seriado, não seriado, EJA ou supletivo) e o total de pessoas nesta faixa etária multiplicado por 100. As pessoas de 19 a 21 anos frequentando a 4ª série do ensino médio foram consideradas como já tendo concluído esse nível de ensino."
"69";"t_med25m";"% de 25 anos ou mais com médio completo";"Percentual da população de 25 anos ou mais com ensino médio incompleto";"Razão entre a população de 25 anos ou mais de idade que concluiu o ensino médio, em quaisquer de suas modalidades (regular seriado, não seriado, EJA ou supletivo) e o total de pessoas nesta faixa etária multiplicado por 100. Foram consideradas como tendo concluído o ensino médio as pessoas frequentando a 4ª série desse nível."
"70";"t_super25m";"% de 25 anos ou mais com superior completo";"Percentual da população de 25 anos ou mais com superior completo";"Razão entre a população de 25 anos ou mais de idade que concluiu pelo menos a graduação do ensino superior e o total de pessoas nesta faixa etária multiplicado por 100."
"71";"corte1";"Renda per capita máxima do 1º quinto mais pobre";"Renda domiciliar per capita máxima do quinto mais pobre";"Valor do 1º quintil da distribuição de indivíduos segundo a renda domiciliar per capita, ou seja, valor máximo da renda domiciliar per capita dos indivíduos pertencentes ao quinto mais pobre dessa distribuição. Valores em reais de 01/agosto/2010."
"72";"corte2";"Renda per capita máxima do 2° quinto mais pobre";"Renda domiciliar per capita máxima do 2º quinto mais pobre";"Valor do 2º quintil da distribuição de indivíduos segundo a renda domiciliar per capita, ou seja, valor máximo da renda domiciliar per capita dos indivíduos pertencentes ao 2º quinto mais pobre dessa distribuição. Valores em reais de 01/agosto/2010."
"73";"corte3";"Renda per capita máxima do 3° quinto mais pobre";"Renda domiciliar per capita máxima do 3º quinto mais pobre";"Valor do 3º quintil da distribuição de indivíduos segundo a renda domiciliar per capita, ou seja, valor máximo da renda domiciliar per capita dos indivíduos pertencentes ao 3º quinto mais pobre dessa distribuição. Valores em reais de 01/agosto/2010."
"74";"corte4";"Renda per capita máxima do 4°quinto mais pobre";"Renda domiciliar per capita máxima do 3º quinto mais pobre";"Valor do 4º quintil da distribuição de indivíduos segundo a renda domiciliar per capita, ou seja, valor máximo da renda domiciliar per capita dos indivíduos pertencentes ao 4º quinto mais pobre dessa distribuição. Valores em reais de 01/agosto/2010."
"75";"corte9";"Renda per capita mínima do décimo mais rico";"Renda domiciliar per capita mínima do décimo mais rico";"Valor do 9º decil da distribuição de indivíduos segundo a renda domiciliar per capita, ou seja, valor mínimo da renda domiciliar per capita dos indivíduos pertencentes ao décimo mais rico dessa distribuição. Valores em reais de 01/agosto/2010."
"76";"gini";"Índice de Gini";"Índice de Gini";"Mede o grau de desigualdade existente na distribuição de indivíduos segundo a renda domiciliar per capita. Seu valor varia de 0, quando não há desigualdade (a renda domiciliar per capita de todos os indivíduos tem o mesmo valor), a 1, quando a desigualdade é máxima (apenas um indivíduo detém toda a renda).O universo de indivíduos é limitado àqueles que vivem em domicílios particulares permanentes."
"77";"pind";"% de extremamente pobres";"Proporção de extremamente pobres";"Proporção dos indivíduos com renda domiciliar per capita igual ou inferior a R$ 70,00 mensais, em reais de agosto de 2010. O universo de indivíduos é limitado àqueles que vivem em domicílios particulares permanentes."
"78";"pindcri";"% de crianças extremamente pobres";"Proporção de crianças extremamente pobres";"Proporção dos indivíduos com até 14 anos de idade que têm renda domiciliar per capita igual ou inferior a R$ 70,00 mensais, em reais de agosto de 2010. O universo de indivíduos é limitado àqueles que vivem em domicílios particulares permanentes."
"79";"pmpob";"% de pobres";"Proporção de pobres";"Proporção dos indivíduos com renda domiciliar per capita igual ou inferior a R$ 140,00 mensais, em reais de agosto de 2010. O universo de indivíduos é limitado àqueles que vivem em domicílios particulares permanentes."
"80";"pmpobcri";"% de crianças pobres";"Proporção de crianças pobres";"Proporção dos indivíduos com até 14 anos de idade que têm renda domiciliar per capita igual ou inferior a R$ 140,00 mensais, em reais de agosto de 2010. O universo de indivíduos é limitado àqueles com até 14 anos e que vivem em domicílios particulares permanentes."
"81";"ppob";"% de vulneráveis à pobreza";"Proporção de vulneráveis à pobreza";"Proporção dos indivíduos com renda domiciliar per capita igual ou inferior a R$ 255,00 mensais, em reais de agosto de 2010, equivalente a 1/2 salário mínimo nessa data. O universo de indivíduos é limitado àqueles que vivem em domicílios particulares permanentes."
"82";"ppobcri";"% de crianças vulneráveis à pobreza";"Proporção de crianças vulneráveis à pobreza";"Proporção dos indivíduos com até 14 anos de idade que têm renda domiciliar per capita igual ou inferior a R$ 255,00 mensais, em reais de agosto de 2010, equivalente a 1/2 salário mínimo nessa data. O universo de indivíduos é limitado àqueles com até 14 anos e que vivem em domicílios particulares permanentes."
"83";"pren10ricos";"Percentual da renda apropriada pelos 10% mais ricos";"Percentual da renda total apropriada pelos 10% da população com maior renda domiciliar per capita";"Percentual da renda total apropriada pelos indivíduos pertencentes ao décimo mais rico da distribuição dos indivíduos segundo a renda domiciliar per capita. O universo de indivíduos é limitado àqueles que vivem em domicílios particulares permanentes."
"84";"pren20";"Percentual da renda apropriada pelos 20% mais pobres";"Percentual da renda total apropriada pelos 20% da população com menor renda domiciliar per capita";"Percentual da renda total apropriada pelos indivíduos pertencentes ao quinto mais pobre da distribuição dos indivíduos segundo a renda domiciliar per capita. O universo de indivíduos é limitado àqueles que vivem em domicílios particulares permanentes."
"85";"pren20ricos";"Percentual da renda apropriada pelos 20% mais ricos";"Percentual da renda total apropriada pelos 20% da população com maior renda domiciliar per capita";"Percentual da renda total apropriada pelos indivíduos pertencentes ao quinto mais rico da distribuição dos indivíduos segundo a renda domiciliar per capita. O universo de indivíduos é limitado àqueles que vivem em domicílios particulares permanentes."
"86";"pren40";"Percentual da renda apropriada pelos 40% mais pobres";"Percentual da renda total apropriada pelos 40% da população com menor renda domiciliar per capita";"Percentual da renda total apropriada pelos indivíduos pertencentes aos dois quintos mais pobres da distribuição dos indivíduos segundo a renda domiciliar per capita. O universo de indivíduos é limitado àqueles que vivem em domicílios particulares permanentes."
"87";"pren60";"Percentual da renda apropriada pelos 60% mais pobres";"Percentual da renda total apropriada pelos 60% da população com menor renda domiciliar per capita";"Percentual da renda total apropriada pelos indivíduos pertencentes aos três quintos mais pobres da distribuição dos indivíduos segundo a renda domiciliar per capita. O universo de indivíduos é limitado àqueles que vivem em domicílios particulares permanentes."
"88";"pren80";"Percentual da renda apropriada pelos 80% mais pobres";"Percentual da renda total apropriada pelos 80% da população com menor renda domiciliar per capita";"Percentual da renda total apropriada pelos indivíduos pertencentes aos quatro quintos mais pobres da distribuição dos indivíduos segundo a renda domiciliar per capita. O universo de indivíduos é limitado àqueles que vivem em domicílios particulares permanentes."
"89";"prentrab";"% da renda proveniente de rendimentos do trabalho";"Percentual da renda proveniente de rendimentos do trabalho";"Participação percentual das rendas provenientes do trabalho (principal e outros) na renda total, considerando-se apenas as pessoas que vivem em domicílios particulares permanentes. "
"90";"r1040";"Razão 10% mais ricos / 40% mais pobres";"Razão 10% mais ricos / 40% mais pobres";"Medida do grau de desigualdade existente na distribuição de indivíduos segundo a renda domiciliar per capita. Compara a renda per capita média dos indivíduos pertencentes ao décimo mais rico dessa distribuição com a renda capita média dos indivíduos pertencentes aos dois quintos mais pobres. O universo de indivíduos é limitado àqueles que vivem em domicílios particulares permanentes."
"91";"r2040";"Razão 20% mais ricos / 40% mais pobres";"Razão 20% mais ricos / 40% mais pobres";"Medida do grau de desigualdade existente na distribuição de indivíduos segundo a renda domiciliar per capita. Compara a renda per capita média dos indivíduos pertencentes ao quinto mais rico dessa distribuição com a renda per capita média dos indivíduos pertencentes aos dois quintos mais pobres. O universo de indivíduos é limitado àqueles que vivem em domicílios particulares permanentes."
"92";"rdpc";"Renda per capita ";"Renda per capita média";"Razão entre o somatório da renda de todos os indivíduos residentes em domicílios particulares permanentes e o número total desses indivíduos. Valores em reais de 01/agosto de 2010."
"93";"rdpc1";"Renda per capita média do 1º quinto mais pobre";"Renda domiciliar per capita média do quinto mais pobre";"Média da renda domiciliar per capita dos indivíduos pertencentes ao quinto mais pobre da distribuição de indivíduos segundo a renda domiciliar per capita. Valores em reais de 01/08/2010."
"94";"rdpc10";"Renda per capita média do décimo mais rico";"Renda domiciliar per capita média do décimo mais rico";"Média da renda domiciliar per capita dos indivíduos pertencentes ao décimo mais rico da distribuição de indivíduos segundo a renda domiciliar per capita. Valores em reais de 01/08/2010."
"95";"rdpc2";"Renda per capita média do 2º quinto mais pobre";"Renda domiciliar per capita média do 2º quinto mais pobre";"Média da renda domiciliar per capita dos indivíduos pertencentes ao 2º quinto mais pobre da distribuição de indivíduos segundo a renda domiciliar per capita. Valores em reais de 01/08/2010."
"96";"rdpc3";"Renda per capita média do 3º quinto mais pobre";"Renda domiciliar per capita média do 3º quinto mais pobre";"Média da renda domiciliar per capita dos indivíduos pertencentes ao 3º quinto mais pobre da distribuição de indivíduos segundo a renda domiciliar per capita. Valores em reais de 01/08/2010."
"97";"rdpc4";"Renda per capita média do 4º quinto mais pobre";"Renda domiciliar per capita média do 3º quinto mais pobre";"Média da renda domiciliar per capita dos indivíduos pertencentes ao 4º quinto mais pobre da distribuição de indivíduos segundo a renda domiciliar per capita. Valores em reais de 01/08/2010."
"98";"rdpc5";"Renda per capita média do quinto mais rico";"Renda domiciliar per capita média do quinto mais rico";"Média da renda domiciliar per capita dos indivíduos pertencentes ao quinto mais rico da distribuição de indivíduos segundo a renda domiciliar per capita. Valores em reais de 01/08/2010."
"99";"rdpct";"Renda per capita , exceto renda nula";"Renda domiciliar per capita média, exceto renda nula";"Razão entre o somatório da renda domiciliar per capita de todos os indivíduos residentes em domicílios particulares permanentes com renda não-nula e o número total desses indivíduos. Valores em reais de 01/agosto de 2010."
"100";"rind";"Renda per capita média dos extremamente pobres";"Renda domiciliar per capita média dos extremamente pobres";"Média da renda domiciliar per capita das pessoas com renda domiciliar per capita igual ou inferior a R$ 70,00 mensais, a preços de agosto de 2010. O universo de indivíduos é limitado àqueles que vivem em domicílios particulares permanentes."
"101";"rmpob";"Renda per capita média dos pobres";"Renda domiciliar per capita média dos pobres";"Média da renda domiciliar per capita das pessoas com renda domiciliar per capita igual ou inferior a R$ 140,00 mensais, a preços de agosto de 2010. O universo de indivíduos é limitado àqueles que vivem em domicílios particulares permanentes."
"102";"rpob";"Renda per capita média dos vulneráveis à pobreza";"Renda domiciliar per capita média dos vulneraveis à pobreza";"Média da renda domiciliar per capita das pessoas com renda domiciliar per capita igual ou inferior a R$ 255,00 mensais, a preços de agosto de 2010. O universo de indivíduos é limitado àqueles que vivem em domicílios particulares permanentes."
"103";"theil";"Índice de Theil - L";"Índice de Theil - L";"Mede a desigualdade na distribuição de indivíduos segundo a renda domiciliar per capita, excluídos aqueles com renda domiciliar per capita nula. É o logaritmo da razão entre as médias aritmética e geométrica da renda domiciliar per capita dos indivíduos, sendo nulo quando não existir desigualdade de renda entre eles e tendente ao infinito quando a desigualdade tender ao máximo."
"104";"cpr";"% de trabalhadores por conta própria - 18 anos ou mais";"Percentual de ocupados de 18 anos ou mais que são trabalhadores por conta própria.";"Razão entre o número de trabalhadores por conta própria de 18 anos ou mais de idade e o número total de pessoas ocupadas nessa faixa etária multiplicado por 100."
"105";"emp";"% de empregadores - 18 anos ou mais";"Percentual de ocupados de 18 anos ou mais que são empregadores";"Razão entre o número de empregadores de 18 anos ou mais de idade e o número total de pessoas ocupadas nessa faixa etária multiplicado por 100."
"106";"p_agro";"% dos ocupados no setor agropecuário - 18 anos ou mais";"Percentual dos ocupados no setor agropecuário";"Razão entre o número de pessoas de 18 anos ou mais de idade ocupadas no setor agropecuário e o número total de pessoas ocupadas nessa faixa etária."
"107";"p_com";"% dos ocupados no setor comércio - 18 anos ou mais";"Percentual dos ocupados no setor comércio";"Razão entre o número de pessoas de 18 anos ou mais de idade ocupadas no setor de comércio e o número total de pessoas ocupadas nessa faixa etária multiplicado por 100."
"108";"p_constr";"% dos ocupados no setor de construção - 18 anos ou mais";"Percentual dos ocupados no setor de construção ";"Razão entre o número de pessoas de 18 anos ou mais de idade ocupadas no setor de construção e o número total de pessoas ocupadas nessa faixa etária multiplicado por 100."
"109";"p_extr";"% dos ocupados no setor extrativo mineral - 18 anos ou mais";"Percentual dos ocupados no setor extrativo mineral";"Razão entre o número de pessoas de 18 anos ou mais de idade ocupadas no setor extrativo mineral e o número total de pessoas ocupadas nessa faixa etária multiplicado por 100."
"110";"p_formal";"Grau de formalização dos ocupados - 18 anos ou mais";"Grau de formalização do trabalho das pessoas ocupadas";"Razão entre o número de pessoas de 18 anos ou mais formalmente ocupadas e o número total de pessoas ocupadas nessa faixa etária multiplicado por 100. Foram considerados como formalmente ocupados os empregados com carteira de trabalho assinada, os militares do exército, da marinha, da aeronáutica, da polícia militar ou do corpo de bombeiros, os empregados pelo regime jurídico dos funcionários públicos, assim como os empregadores e trabalhadores por conta própria que eram contribuintes de instituto de previdência oficial."
"111";"p_fund";"% dos ocupados com fundamental completo - 18 anos ou mais";"Percentual dos ocupados com fundamental completo";"Razão entre o número de pessoas de 18 anos ou mais de idade ocupadas que já concluíram o ensino fundamental (regular seriado, regular não seriado, EJA ou supletivo) e o número total de pessoas ocupadas nessa faixa etária multiplicado por 100."
"112";"p_med";"% dos ocupados com médio completo - 18 anos ou mais";"Percentual dos ocupados com médio completo";"Razão entre o número de pessoas de 18 anos ou mais de idade ocupadas que já concluíram o ensino médio (regular seriado, regular não seriado, EJA ou supletivo) e o número total de pessoas ocupadas nessa faixa etária multiplicado por 100. Foram consideradas como já tendo concluído o médio aquelas pessoas que frequentavam a 4ª série desse nível de ensino."
"113";"p_serv";"% dos ocupados no setor serviços - 18 anos ou mais";"Percentual dos ocupados no setor serviços";"Razão entre o número de pessoas de 18 anos ou mais de idade ocupadas no setor de serviços e o número total de pessoas ocupadas nessa faixa etária multiplicado por 100."
"114";"p_siup";"% dos ocupados no SIUP - 18 anos ou mais";"Percentual dos ocupados nos setores de serviços industriais de utilidade pública";"Razão entre o número de pessoas de 18 anos ou mais de idade ocupadas nos setor de serviços industriais de utilidade pública e o número total de pessoas ocupadas nessa faixa etária multiplicado por 100. Esse setor inclui as atividades constantes das seções D e E do CNAE DOM 2.0: geração, transmissão e distribuição de eletricidade e gás; captação, tratamento e distribuição de água; esgoto e atividades relacionadas; coleta, tratamento e disposição de resíduos e recuperação de materiais; descontaminação e outros serviços de gestão de resíduos."
"115";"p_super";"% dos ocupados com superior completo - 18 anos ou mais";"Percentual dos ocupados com superior completo";"Razão entre o número de pessoas de 18 anos ou mais de idade ocupadas e que já concluíram a graduação do ensino superior e o número total de pessoas ocupadas nessa faixa etária multiplicado por 100."
"116";"p_transf";"% dos ocupados na indústria de transformação - 18 anos ou mais";"Percentual dos ocupados na indústria de transformação";"Razão entre o número de pessoas de 18 anos ou mais de idade ocupadas na indústria de transformação e o número total de pessoas ocupadas nessa faixa etária multiplicado por 100."
"117";"ren0";"% dos ocupados sem rendimento - 18 anos ou mais";"Percentual dos ocupados sem rendimento";"Razão entre o número de pessoas de 18 anos ou mais de idade ocupadas e sem rendimento do trabalho e o número total de pessoas ocupadas nessa faixa etária multiplicado por 100."
"118";"ren1";"% dos ocupados com rendimento de até 1 s.m. - 18 anos ou mais";"Percentual dos ocupados com rendimento de até 1 salário mínimo";"Razão entre o número de pessoas de 18 anos ou mais de idade ocupadas e com rendimento mensal de todos os trabalhos inferior a 1 salário mínimo de julho de 2010 e o número total de pessoas ocupadas nessa faixa etária multiplicado por 100."
"119";"ren2";"% dos ocupados com rendimento de até 2 s.m. - 18 anos ou mais";"Percentual dos ocupados com rendimento de até 2 salários mínimos";"Razão entre o número de pessoas de 18 anos ou mais de idade ocupadas e com rendimento mensal de todos os trabalhos inferior a 2 salários mínimos de julho de 2010 e o número total de pessoas ocupadas nessa faixa etária multiplicado por 100."
"120";"ren3";"% dos ocupados com rendimento de até 3 s.m. - 18 anos ou mais";"Percentual dos ocupados com rendimento de até 3 salários mínimo";"Razão entre o número de pessoas de 18 anos ou mais de idade ocupadas e com rendimento mensal de todos os trabalhos inferior a 3 salários mínimos de julho de 2010 e o número total de pessoas ocupadas nessa faixa etária multiplicado por 100."
"121";"ren5";"% dos ocupados com rendimento de até 5 s.m. - 18 anos ou mais";"Percentual dos ocupados com rendimento de até 5 salários mínimo";"Razão entre o número de pessoas de 18 anos ou mais de idade ocupadas e com rendimento mensal de todos os trabalhos inferior a 5 salários mínimos de julho de 2010 e o número total de pessoas ocupadas nessa faixa etária multiplicado por 100."
"122";"renocup";"Rendimento médio dos ocupados - 18 anos ou mais";"Rendimento médio dos ocupados";"Média dos rendimentos de todos os trabalhos das pessoas ocupadas de 18 anos ou mais de idade. Valores em reais de agosto de 2010."
"123";"t_ativ";"Taxa de atividade - 10 anos ou mais";"Taxa de atividade das pessoas de 10 anos ou mais de idade";"Razão entre as pessoas de 10 anos ou mais de idade que eram economicamente ativas, ou seja, que estavam ocupadas ou desocupadas na semana de referência do Censo e o total de pessoas nesta faixa etária multiplicado por 100. Considera-se desocupada a pessoa que, não estando ocupada na semana de referência, havia procurado trabalho no mês anterior a essa pesquisa."
"124";"t_ativ1014";"Taxa de atividade - 10 a 14 anos";"Taxa de atividade das pessoas de 10 a 14 anos de idade";"Razão entre as pessoas de 10 a 14 anos de idade que eram economicamente ativas, ou seja, que estavam ocupadas ou desocupadas na semana de referência do Censo e o total de pessoas nesta faixa etária multiplicado por 100. Considera-se desocupada a pessoa que, não estando ocupada na semana de referência, havia procurado trabalho no mês anterior a essa pesquisa."
"125";"t_ativ1517";"Taxa de atividade - 15 a 17 anos";"Taxa de atividade das pessoas de 15 a 17 anos de idade";"Razão entre as pessoas de 15 a 17 anos de idade que eram economicamente ativas, ou seja, que estavam ocupadas ou desocupadas na semana de referência do Censo e o total de pessoas nesta faixa etária multiplicado por 100. Considera-se desocupada a pessoa que, não estando ocupada na semana de referência, havia procurado trabalho no mês anterior a essa pesquisa."
"126";"t_ativ1824";"Taxa de atividade - 18 a 24 anos";"Taxa de atividade das pessoas de 18 a 24 anos de idade";"Razão entre as pessoas de 18 a 24 anos de idade que eram economicamente ativas, ou seja, que estavam ocupadas ou desocupadas na semana de referência do Censo e o total de pessoas nesta faixa etária multiplicado por 100. Considera-se desocupada a pessoa que, não estando ocupada na semana de referência, havia procurado trabalho no mês anterior a essa pesquisa."
"127";"t_ativ18m";"Taxa de atividade - 18 anos ou mais";"Taxa de atividade das pessoas de 18 anos ou mais de idade";"Razão entre as pessoas de 18 anos ou mais de idade que eram economicamente ativas, ou seja, que estavam ocupadas ou desocupadas na semana de referência do Censo e o total de pessoas nesta faixa etária multiplicado por 100. Considera-se desocupada a pessoa que, não estando ocupada na semana de referência, havia procurado trabalho no mês anterior a essa pesquisa."
"128";"t_ativ2529";"Taxa de atividade - 25 a 29 anos";"Taxa de atividade das pessoas de 25 a 29 anos de idade";"Razão entre as pessoas de 25 a 29 anos de idade que eram economicamente ativas, ou seja, que estavam ocupadas ou desocupadas na semana de referência do Censo e o total de pessoas nesta faixa etária multiplicado por 100. Considera-se desocupada a pessoa que, não estando ocupada na semana de referência, havia procurado trabalho no mês anterior a essa pesquisa."
"129";"t_des";"Taxa de desocupação - 10 anos ou mais";"Taxa de desocupação da população de 10 anos ou mais de idade";"Percentual da população economicamente ativa (PEA) nessa faixa etária que estava desocupada, ou seja, que não estava ocupada na semana anterior à data do Censo mas havia procurado trabalho ao longo do mês anterior à data dessa pesquisa."
"130";"t_des1014";"Taxa de desocupação - 10 a 14 anos";"Taxa de desocupação da população de 10 a 14 anos de idade";"Percentual da população economicamente ativa (PEA) nessa faixa etária que estava desocupada, ou seja, que não estava ocupada na semana anterior à data do Censo mas havia procurado trabalho ao longo do mês anterior à data dessa pesquisa."
"131";"t_des1517";"Taxa de desocupação - 15 a 17 anos";"Taxa de desocupação da população de 15 a 17 anos de idade";"Percentual da população economicamente ativa (PEA) nessa faixa etária que estava desocupada, ou seja, que não estava ocupada na semana anterior à data do Censo mas havia procurado trabalho ao longo do mês anterior à data dessa pesquisa."
"132";"t_des1824";"Taxa de desocupação - 18 a 24 anos";"Taxa de desocupação da população de 18 a 24 anos de idade";"Percentual da população economicamente ativa (PEA) nessa faixa etária que estava desocupada, ou seja, que não estava ocupada na semana anterior à data do Censo mas havia procurado trabalho ao longo do mês anterior à data dessa pesquisa."
"133";"t_des18m";"Taxa de desocupação - 18 anos ou mais";"Taxa de desocupação da população de 18 anos ou mais de idade";"Percentual da população economicamente ativa (PEA) nessa faixa etária que estava desocupada, ou seja, que não estava ocupada na semana anterior à data do Censo mas havia procurado trabalho ao longo do mês anterior à data dessa pesquisa."
"134";"t_des2529";"Taxa de desocupação - 25 a 29 anos";"Taxa de desocupação da população de 25 a 29 anos de idade";"Percentual da população economicamente ativa (PEA) nessa faixa etária que estava desocupada, ou seja, que não estava ocupada na semana anterior à data do Censo mas havia procurado trabalho ao longo do mês anterior à data dessa pesquisa."
"135";"theiltrab";"Índice de Theil-L dos rendimentos do trabalho - 18 anos ou mais";"Índice de Theil-L dos rendimentos do trabalho";"Mede a desigualdade na distribuição de indivíduos de 18 anos ou mais de idade ocupados, segundo o rendimento de todos os trabalhos, excluídos aqueles sem rendimento do trabalho. É o logaritmo da razão entre as médias aritmética e geométrica do rendimento dos indivíduos, sendo nulo quando não existir desigualdade de renda entre eles e tendente ao infinito quando a desigualdade tender ao máximo."
"136";"trabcc";"% de empregados com carteira - 18 anos ou mais";"Percentual de ocupados de 18 anos ou mais que são empregados com carteira ";"Razão entre o número de empregados de 18 anos ou mais de idade com carteira de trabalho assinada e o número total de pessoas ocupadas nessa faixa etária multiplicado por 100."
"137";"trabpub";"% de trabalhadores do setor público - 18 anos ou mais";"Percentual de ocupados de 18 anos ou mais que são trabalhadores do setor público.";"Razão entre o número de trabalhadores do setor público de 18 anos ou mais de idade e o número total de pessoas ocupadas nessa faixa etária multiplicado por 100. Os trabalhadores do setor público incluem os empregados pelo regime jurídico dos funcionários públicos e os militares do exército, marinha, aeronáutica, polícia militar ou corpo de bombeiros."
"138";"trabsc";"% de empregados sem carteira - 18 anos ou mais";"Percentual de ocupados de 18 anos ou mais que são empregados sem carteira ";"Razão entre o número de empregados de 18 anos ou mais de idade sem carteira de trabalho assinada e o número total de pessoas ocupadas nessa faixa etária multiplicado por 100."
"139";"t_agua";"% da população em domicílios com água encanada";"Percentual da população que vive em domicílios com água encanada";"Razão entre a população que vive em domicílios particulares permanentes com água canalizada para um ou mais cômodos e a população total residente em domicílios particulares permanentes multiplicado por 100. A água pode ser proveniente de rede geral, de poço, de nascente ou de reservatório abastecido por água das chuvas ou carro-pipa."
"140";"t_banagua";"% da população em domicílios com banheiro e água encanada";"Percentual da população que vive em domicílios com banheiro e água encanada";"Razão entre a população que vive em domicílios particulares permanentes com água encanada em pelo menos um de seus cômodos e com banheiro exclusivo e a população total residente em domicílios particulares permanentes multiplicado por 100. A água pode ser proveniente de rede geral, de poço, de nascente ou de reservatório abastecido por água das chuvas ou carro-pipa. Banheiro exclusivo é definido como cômodo que dispõe de chuveiro ou banheira e aparelho sanitário."
"141";"t_dens";"% da população em domicílios com densidade > 2";"Percentual da população que vive em domicílios com densidade superior a 2 pessoas por dormitório";"Razão entre a população que vive em domicílios particulares permanentes com densidade superior a 2 e a população total residente em domicílios particulares permanentes multiplicado por 100. A densidade do domicílio é dada pela razão entre o total de moradores do domicílio e o número total de cômodos usados como dormitório."
"142";"t_lixo";"% da população em domicílios com coleta de lixo";"Percentual da população que vive em domicílios urbanos com serviço de coleta de lixo";"Razão entre a população que vive em domicílios com coleta de lixo e a população total residente em domicílios particulares permanentes multiplicado por 100. Estão incluídas as situações em que a coleta de lixo realizada diretamente por empresa pública ou privada, ou o lixo é depositado em caçamba, tanque ou depósito fora do domicílio, para posterior coleta pela prestadora do serviço. São considerados apenas os domicílios particulares permanentes localizados em área urbana."
"143";"t_luz";"% da população em domicílios com energia elétrica";"Percentual da população que vive em domicílios com energia elétrica";"Razão entre a população que vive em domicílios particulares permanentes com iluminação elétrica e a população total residente em domicílios particulares permanentes multiplicado por 100. Considera-se iluminação proveniente ou não de uma rede geral, com ou sem medidor."
"144";"agua_esgoto";"% de pessoas em domicílios com abastecimento de água e esgotamento sanitário inadequados";" % de pessoas em domicílios com abastecimento de água e esgotamento sanitário inadequados";"Razão entre as pessoas que vivem em domicílios cujo abastecimento de água não provem de rede geral e cujo esgotamento sanitário não é realizado por rede coletora de esgoto ou fossa séptica e a população total residente em domicílios particulares permanentes multiplicado por 100. São considerados apenas os domicílios particulares permanentes. "
"145";"parede ";"% de pessoas em domicílios com paredes inadequadas";" % de pessoas em domicílios com paredes que não sejam de alvenaria ou madeira aparelhada";"Razão entre as pessoas que vivem em domicílios cujas paredes não são de alvenaria nem de madeira aparelhada e a população total residente em domicílios particulares permanentes multiplicado por 100. São considerados apenas os domicílios particulares permanentes. "
"146";"t_crifundin_todos";"% de crianças em domicílios em que ninguém tem fundamental completo";"% de crianças que vivem em domicílios em que nenhum dos moradores tem o ensino fundamental completo.";"Razão entre o número de crianças de até 14 anos que vivem em domicílios em que nenhum dos moradores tem o ensino fundamental completo e a população total nesta faixa etária residente em domicílios particulares permanentes multiplicado por 100. São considerados apenas os domicílios particulares permanentes. "
"147";"t_fora4a5";"% de crianças de 4 a 5 anos fora da escola";" % de crianças de 4 a 5 anos que não frequenta a escola";"Razão entre o número de crianças de 4 a 5 anos que não frequenta a escola e o total de crianças nesta faixa etária multiplicado por 100."
"148";"t_fora6a14";"% de crianças de 6 a 14 fora da escola";" % de crianças de 6 a 14 anos que não frequenta a escola";"Razão entre as crianças de 6 a 14 anos que não frequenta a escola e o total de crianças nesta faixa etária multiplicado por 100."
"149";"t_fundin_todos";"% de pessoas em domicílios em que ninguém tem fundamental completo";"% pessoas que vivem em domicílios em que nenhum morador tem o ensino fundamental completo.";"Razão entre as pessoas que vivem em domicílios em que nenhum dos moradores tem o ensino fundamental completo e a população total residente em domicílios particulares permanentes multiplicado por 100."
"150";"t_fundin_todos_mmeio";"% de pessoas em domicílios vulneráveis à pobreza e em que ninguém tem fundamental completo.";" % de pessoas em domicílios vulneráveis à pobreza e em que ninguém tem fundamental completo.";"Percentual de pessoas que vivem em domicílios vulneráveis à pobreza (com renda per capita inferior a 1/2 salário mínimo de agosto de 2010) e em que ninguém tem o ensino fundamental completo. São considerados apenas os domicílios particulares permanentes. "
"151";"t_fundin18minf";"% de pessoas de 18 anos ou mais sem fundamental completo e em ocupação informal";"% de pessoas de 18 anos ou mais sem fundamental completo e em ocupação informal";"Razão entre as pessoas de 18 anos ou mais sem fundamental completo e em ocupação informal e a população total nesta faixa etária multiplicado por 100. Ocupação informal implica que trabalham mas não são: empregados com carteira de trabalho assinada, militares do exército, da marinha, da aeronáutica, da polícia militar ou do corpo de bombeiros, empregados pelo regime jurídico dos funcionários públicos ou empregadores e trabalhadores por conta própria com contribuição a instituto de previdência oficial."
"152";"t_m10a14cf";"% de mulheres de 10 a 14 anos que tiveram filhos";"Percentual de mulheres de 10 a 14 anos de idade que tiveram filhos";"Razão entre as mulheres de 10 a 14 anos de idade que tiveram filhos e o total de mulheres nesta faixa etária multiplicado por 100."
"153";"t_m15a17cf";"% de mulheres de 15 a 17 anos que tiveram filhos";"Percentual de mulheres de 15 a 17 anos de idade que tiveram filhos";"Razão entre as mulheres de 15 a 17 anos de idade que tiveram filhos e o total de mulheres nesta faixa etária multiplicado por 100."
"154";"t_mulchefefif014";"% de mães chefes de família sem fundamental completo e com filhos menores de 15 anos";"Percentual de mães chefes de família, sem fundamental completo e com pelo menos um filho menor de 15 anos de idade";"Razão entre o número de mulheres que são responsáveis pelo domicílio, não têm o ensino fundamental completo e têm pelo menos 1 filho de idade inferior a 15 anos morando no domicílio e o número total de mulheres chefes de família multiplicado por 100. São considerados apenas os domicílios particulares permanentes."
"155";"t_nestuda_ntrab_mmeio";"% de pessoas de 15 a 24 anos que não estudam nem trabalham e são vulneráveis à pobreza.";" % de pessoas de 15 a 24 anos que não estudam nem trabalham e são vulneráveis à pobreza.";"Razão entre as pessoas de 15 a 24 anos que não estudam nem trabalham e são vulneráveis à pobreza e a população total nesta faixa etária multiplicado por 100. Define-se como vulneráveis à pobreza as pessoas que moram em domicílios com renda per capita inferior a 1/2 salário mínimo de agosto de 2010. São considerados apenas os domicílios particulares permanentes. "
"156";"t_ocupdesloc_1";" % de pessoas vulneráveis à pobreza e que gastam mais de uma hora até o trabalho";" % de pessoas em domicílios vulneráveis à pobreza e que gastam mais de uma hora até o trabalho";"Razão entre as pessoas que vivem em domicílios vulneráveis à pobreza (com renda per capita inferior a 1/2 salário mínimo de agosto de 2010) e que gastam mais de uma hora em deslocamento até o local de trabalho e e o total de pessoas ocupadas multiplicado por 100. São considerados apenas os domicílios particulares permanentes e as pessoas com 18 anos de idade ou mais. "
"157";"t_rmaxidoso";"% de pessoas em domicílios vulneráveis à pobreza e dependentes de idosos";"% de pessoas em domicílios vulneráveis à pobreza e dependentes de idosos";"Razão entre as pessoas que vivem em domicílios vulneráveis à pobreza (com renda per capita inferior a 1/2 salário mínimo de agosto de 2010) e nos quais a principal fonte de renda provém de moradores com 65 anos ou mais de idade e população total residente em domicílios particulares permanentes multiplicado por 100. "
"158";"t_sluz";"% de pessoas em domicílios sem energia elétrica";" % de pessoas em domicílios sem energia elétrica";"Razão entre as pessoas que vivem em domicílios sem energia elétrica e população total residente em domicílios particulares permanentes multiplicado por 100. "
"159";"homem0a4";"População masculina de 0 a 4 anos";"População masculina de 0 a 4 anos de idade";"População nesta faixa etária e do sexo masculino"
"160";"homem10a14";"População masculina de 10 a 14 anos";"População masculina de 10 a 14 anos de idade";"População nesta faixa etária e do sexo masculino"
"161";"homem15a19";"População masculina de 15 a 19 anos";"População masculina de 15 a 19 anos de idade";"População nesta faixa etária e do sexo masculino"
"162";"homem20a24";"População masculina de 20 a 24 anos";"População masculina de 20 a 24 anos de idade";"População nesta faixa etária e do sexo masculino"
"163";"homem25a29";"População masculina de 25 a 29 anos";"População masculina de 25 a 29 anos de idade";"População nesta faixa etária e do sexo masculino"
"164";"homem30a34";"População masculina de 30 a 34 anos";"População masculina de 30 a 34 anos de idade";"População nesta faixa etária e do sexo masculino"
"165";"homem35a39";"População masculina de 35 a 39 anos";"População masculina de 35 a 39 anos de idade";"População nesta faixa etária e do sexo masculino"
"166";"homem40a44";"População masculina de 40 a 44 anos";"População masculina de 40 a 44 anos de idade";"População nesta faixa etária e do sexo masculino"
"167";"homem45a49";"População masculina de 45 a 49 anos";"População masculina de 45 a 49 anos de idade";"População nesta faixa etária e do sexo masculino"
"168";"homem50a54";"População masculina de 50 a 54 anos";"População masculina de 50 a 54 anos de idade";"População nesta faixa etária e do sexo masculino"
"169";"homem55a59";"População masculina de 55 a 59 anos";"População masculina de 55 a 59 anos de idade";"População nesta faixa etária e do sexo masculino"
"170";"homem5a9";"População masculina de 5 a 9 anos";"População masculina de 5 a 9 anos de idade";"População nesta faixa etária e do sexo masculino"
"171";"homem60a64";"População masculina de 60 a 64 anos";"População masculina de 60 a 64 anos de idade";"População nesta faixa etária e do sexo masculino"
"172";"homem65a69";"População masculina de 65 a 69 anos";"População masculina de 65 a 69 anos de idade";"População nesta faixa etária e do sexo masculino"
"173";"homem70a74";"População masculina de 70 a 74 anos";"População masculina de 70 a 74 anos de idade";"População nesta faixa etária e do sexo masculino"
"174";"homem75a79";"População masculina de 75 a 79 anos";"População masculina de 75 a 79 anos de idade";"População nesta faixa etária e do sexo masculino"
"175";"homemtot";"População residente masculina";"População residente masculina";"População total do sexo masculino"
"176";"homens80";"População masculina com 80 anos e mais";"População masculina com 80 anos e mais de idade";"População nesta faixa etária e do sexo masculino"
"177";"mulh0a4";"População feminina de 0 a 4 anos";"População feminina de 0 a 4 anos de idade";"População nesta faixa etária e do sexo feminino"
"178";"mulh10a14";"População feminina de 10 a 14 anos";"População feminina de 10 a 14 anos de idade";"População nesta faixa etária e do sexo feminino"
"179";"mulh15a19";"População feminina de 15 a 19 anos";"População feminina de 15 a 19 anos de idade";"População nesta faixa etária e do sexo feminino"
"180";"mulh20a24";"População feminina de 20 a 24 anos";"População feminina de 20 a 24 anos de idade";"População nesta faixa etária e do sexo feminino"
"181";"mulh25a29";"População feminina de 25 a 29 anos";"População feminina de 25 a 29 anos de idade";"População nesta faixa etária e do sexo feminino"
"182";"mulh30a34";"População feminina de 30 a 34 anos";"População feminina de 30 a 34 anos de idade";"População nesta faixa etária e do sexo feminino"
"183";"mulh35a39";"População feminina de 35 a 39 anos";"População feminina de 35 a 39 anos de idade";"População nesta faixa etária e do sexo feminino"
"184";"mulh40a44";"População feminina de 40 a 44 anos";"População feminina de 40 a 44 anos de idade";"População nesta faixa etária e do sexo feminino"
"185";"mulh45a49";"População feminina de 45 a 49 anos";"População feminina de 45 a 49 anos de idade";"População nesta faixa etária e do sexo feminino"
"186";"mulh50a54";"População feminina de 50 a 54 anos";"População feminina de 50 a 54 anos de idade";"População nesta faixa etária e do sexo feminino"
"187";"mulh55a59";"População feminina de 55 a 59 anos";"População feminina de 55 a 59 anos de idade";"População nesta faixa etária e do sexo feminino"
"188";"mulh5a9";"População feminina de 5 a 9 anos";"População feminina de 5 a 9 anos de idade";"População nesta faixa etária e do sexo feminino"
"189";"mulh60a64";"População feminina de 60 a 64 anos";"População feminina de 60 a 64 anos de idade";"População nesta faixa etária e do sexo feminino"
"190";"mulh65a69";"População feminina de 65 a 69 anos";"População feminina de 65 a 69 anos de idade";"População nesta faixa etária e do sexo feminino"
"191";"mulh70a74";"População feminina de 70 a 74 anos";"População feminina de 70 a 74 anos de idade";"População nesta faixa etária e do sexo feminino"
"192";"mulh75a79";"População feminina de 75 a 79 anos";"População feminina de 75 a 79 anos de idade";"População nesta faixa etária e do sexo feminino"
"193";"mulher80";"População feminina com 80 anos e mais";"População feminina com 80 anos e mais de idade";"População nesta faixa etária e do sexo feminino"
"194";"mulhertot";"População residente feminina";"População residente feminina";"População total do sexo feminino"
"195";"pea";"PEA - 10 anos ou mais";"População economicamente ativa de 10 anos ou mais de idade";"População economicamente ativa. Corresponde ao número de pessoas nessa faixa etária que, na semana de referência do Censo, encontravam-se ocupadas no mercado de trabalho ou que, encontrando-se desocupadas, tinham procurado trabalho no mês anterior à data da pesquisa. "
"196";"pea1014";"PEA - 10 a 14 anos";"População economicamente ativa de 10 a 14 anos de idade";"População economicamente ativa. Corresponde ao número de pessoas nessa faixa etária que, na semana de referência do Censo, encontravam-se ocupadas no mercado de trabalho ou que, encontrando-se desocupadas, tinham procurado trabalho no mês anterior à data da pesquisa. "
"197";"pea1517";"PEA - 15 a 17 anos";"População economicamente ativa de 15 a 17 anos de idade";"População economicamente ativa. Corresponde ao número de pessoas nessa faixa etária que, na semana de referência do Censo, encontravam-se ocupadas no mercado de trabalho ou que, encontrando-se desocupadas, tinham procurado trabalho no mês anterior à data da pesquisa. "
"198";"pea18m";"PEA - 18 anos ou mais";"População economicamente ativa de 18 anos ou mais de idade";"População economicamente ativa. Corresponde ao número de pessoas nessa faixa etária que, na semana de referência do Censo, encontravam-se ocupadas no mercado de trabalho ou que, encontrando-se desocupadas, tinham procurado trabalho no mês anterior à data da pesquisa. "
"199";"peso1";"População de até 1 ano";"População de até 1 ano de idade";"População residente nessa faixa etária"
"200";"peso1114";"População de 11 a 14 anos";"População de 11 a 14 anos de idade";"População residente nessa faixa etária"
"201";"peso1113";"População de 11 a 13 anos";"População de 11 a 13 anos de idade";"População residente nessa faixa etária"
"202";"peso1214";"População de 12 a 14 anos";"População de 12 a 14 anos de idade";"População residente nessa faixa etária"
"203";"peso13";"População de 1 a 3 anos";"População de 1 a 3 anos de idade";"População residente nessa faixa etária"
"204";"peso15";"População de 15 anos ou mais";"População de 15 anos ou mais de idade";"População residente nessa faixa etária"
"205";"peso1517";"População de 15 a 17 anos";"População de 15 a 17 anos de idade";"População residente nessa faixa etária"
"206";"peso1524";"População de 15 a 24 anos";"População de 15 a 24 anos de idade";"População residente nessa faixa etária"
"207";"peso1618";"População de 16 a 18 anos";"População de 16 a 18 anos de idade";"População residente nessa faixa etária"
"208";"peso18";"População de 18 anos ou mais";"População de 18 anos ou mais de idade";"População residente nessa faixa etária"
"209";"peso1820";"População de 18 a 20 anos";"População de 18 a 20 anos de idade";"População residente nessa faixa etária"
"210";"peso1824";"População de 18 a 24 anos";"População de 18 a 24 anos de idade";"População residente nessa faixa etária"
"211";"peso1921";"População de 19 a 21 anos";"População de 19 a 21 anos de idade";"População residente nessa faixa etária"
"212";"peso25";"População de 25 anos ou mais";"População de 25 anos ou mais de idade";"População residente nessa faixa etária"
"213";"peso4";"População de 4 anos";"População de 4 anos de idade";"População residente nessa faixa etária"
"214";"peso5";"População de 5 anos";"População de 5 anos de idade";"População residente nessa faixa etária"
"215";"peso6";"População de 6 anos";"População de 6 anos de idade";"População residente nessa faixa etária"
"216";"peso610";"População de 6 a 10 anos";"População de 6 a 10 anos de idade";"População residente nessa faixa etária"
"217";"peso617";"População de 6 a 17 anos";"População de 6 a 17 anos de idade";"População residente nessa faixa etária"
"218";"peso65";"População de 65 anos ou mais";"População de 65 anos ou mais de idade";"População residente nessa faixa etária"
"219";"pesom1014";"Mulheres de 10 a 14 anos";"Mulheres de 12 a 14 anos de idade";"População residente nessa faixa etária e do sexo feminino"
"220";"pesom1517";"Mulheres de 15 a 17 anos";"Mulheres de 15 a 17 anos de idade";"População residente nessa faixa etária e do sexo feminino"
"221";"pesom15m";"Mulheres de 15 anos ou mais";"Mulheres de 15 anos ou mais de idade";"População residente nessa faixa etária e do sexo feminino"
"222";"pesom25m";"Mulheres de 25 anos ou mais";"Mulheres de 25 anos ou mais de idade";"População residente nessa faixa etária e do sexo feminino"
"223";"pesorur";"População rural";"População rural";"População residente na área rural"
"224";"pesotot";"População total";"População total";"População residente total"
"225";"pesourb";"População urbana";"População urbana";"População residente na área urbana"
"226";"pia";"População de 10 anos ou mais";"População de 10 anos ou mais de idade";"População residente nessa faixa etária"
"227";"pia1014";"População de 10 a 14 anos";"População de 10 a 14 anos de idade";"População residente nessa faixa etária"
"228";"pia1517";"População de 15 a 17 anos";"População em idade ativa 15 a 17 anos";"População residente nessa faixa etária"
"229";"pia18m";"População de 18 anos ou mais";"População de 18 anos ou mais em idade ativa";"População residente nessa faixa etária"
"230";"pop";"População total em domicílios particulares permanentes";"População total que reside em domicílios particulares permanentes";"População residente em domicílios particulares permanentes. Exclui os residentes em domicílios coletivos, como pensões, hotéis, prisões, quartéis, hospitais. "
"231";"popt";"População total em domicílios particulares permanentes, exceto com renda nula";"População total que reside em domicílios particulares permanentes, exceto os com renda nula";"Refere-se à população residente em domicílios particulares permanentes, excetuando-se aqueles com renda nula. População de referência do Índice de Theil-L."
"232";"i_escolaridade";"Subíndice de escolaridade - IDHM Educação";"Subíndice de escolaridade fundamental da população adulta - IDHM Educação";"Subíndice selecionado para compor o IDHMEducação, representando o nível de escolaridade da população adulta. É obtido pelo indicador % de jovens e adultos com 18 anos ou mais com o fundamental completo."
"233";"i_freq_prop";"Subíndice de frequência escolar - IDHM Educação";"Subíndice de frequência escolar da população jovem - IDHM Educação";"Subíndice selecionado para compor o IDHMEducação, representando a frequência de crianças e jovens à escola em séries adequadas à sua idade. É obtido através da média aritmética simples de 4 indicadores: % de crianças de 5 a 6 anos na escola, % de crianças de 11 a 13 anos no 2º ciclo do fundamental, % de jovens de 15 a 17 anos com o fundamental completo e % de jovens de 18 a 20 anos com o médio completo. "
"234";"idhm";"IDHM";"Índice de Desenvolvimento Humano Municipal";"Índice de Desenvolvimento Humano Municipal. Média geométrica dos índices das dimensões Renda, Educação e Longevidade, com pesos iguais."
"235";"idhm_ e";"IDHM Educação";"Índice de Desenvolvimento Humano Municipal - Dimensão Educação";"Índice sintético da dimensão Educação que é um dos 3 componentes do IDHM. É obtido através da média geométrica do subíndice de frequência de crianças e jovens à escola, com peso de 2/3, e do subíndice de escolaridade da população adulta, com peso de 1/3."
"236";"idhm_l";"IDHM Longevidade";"Índice de Desenvolvimento Humano Municipal - Dimensão Longevidade";"Índice da dimensão Longevidade que é um dos 3 componentes do IDHM. É obtido a partir do indicador Esperança de vida ao nascer, através da fórmula: [(valor observado do indicador) - (valor mínimo)] / [(valor máximo) - (valor mínimo)], onde os valores mínimo e máximo são 25 e 85 anos, respectivamente. "
"237";"idhm_r";"IDHM Renda";"Índice de Desenvolvimento Humano Municipal - Dimensão Renda";"Índice da dimensão Renda que é um dos 3 componentes do IDHM. É obtido a partir do indicador Renda per capita, através da fórmula: [ln (valor observado do indicador) - ln (valor mínimo)] / [ln (valor máximo) - ln (valor mínimo)], onde os valores mínimo e máximo são R$ 8,00 e R$ 4.033,00 (a preços de agosto de 2010). "
